--
-- PostgreSQL database dump
--

\restrict Ug3K3Mhw6DqRVwsa0dk7nUayQJtJCSwlJ7r5v18LVWrWvbdHn3E7dyhRhA8GCdH

-- Dumped from database version 18.1
-- Dumped by pg_dump version 18.1

SET statement_timeout = 0;
SET lock_timeout = 0;
SET idle_in_transaction_session_timeout = 0;
SET transaction_timeout = 0;
SET client_encoding = 'UTF8';
SET standard_conforming_strings = on;
SELECT pg_catalog.set_config('search_path', '', false);
SET check_function_bodies = false;
SET xmloption = content;
SET client_min_messages = warning;
SET row_security = off;

SET default_tablespace = '';

SET default_table_access_method = heap;

--
-- Name: account_element; Type: TABLE; Schema: public; Owner: admin
--

CREATE TABLE public.account_element (
    id bigint CONSTRAINT account_elements_id_not_null NOT NULL,
    element_name character varying(100) CONSTRAINT account_elements_element_name_not_null NOT NULL
);


ALTER TABLE public.account_element OWNER TO admin;

--
-- Name: account_elements_id_seq; Type: SEQUENCE; Schema: public; Owner: admin
--

ALTER TABLE public.account_element ALTER COLUMN id ADD GENERATED BY DEFAULT AS IDENTITY (
    SEQUENCE NAME public.account_elements_id_seq
    START WITH 1
    INCREMENT BY 1
    NO MINVALUE
    NO MAXVALUE
    CACHE 1
);


--
-- Name: account_permission; Type: TABLE; Schema: public; Owner: admin
--

CREATE TABLE public.account_permission (
    id bigint NOT NULL,
    create_permission boolean NOT NULL,
    delete_permission boolean NOT NULL,
    element_id bigint CONSTRAINT account_permission_element_id_id_not_null NOT NULL,
    read_permission boolean NOT NULL,
    role_id bigint CONSTRAINT account_permission_role_id_id_not_null NOT NULL,
    update_permission boolean NOT NULL
);


ALTER TABLE public.account_permission OWNER TO admin;

--
-- Name: account_permission_id_seq; Type: SEQUENCE; Schema: public; Owner: admin
--

ALTER TABLE public.account_permission ALTER COLUMN id ADD GENERATED BY DEFAULT AS IDENTITY (
    SEQUENCE NAME public.account_permission_id_seq
    START WITH 1
    INCREMENT BY 1
    NO MINVALUE
    NO MAXVALUE
    CACHE 1
);


--
-- Name: account_role; Type: TABLE; Schema: public; Owner: admin
--

CREATE TABLE public.account_role (
    id bigint CONSTRAINT account_roles_id_not_null NOT NULL,
    role_name character varying(100) CONSTRAINT account_roles_role_name_not_null NOT NULL
);


ALTER TABLE public.account_role OWNER TO admin;

--
-- Name: account_roles_id_seq; Type: SEQUENCE; Schema: public; Owner: admin
--

ALTER TABLE public.account_role ALTER COLUMN id ADD GENERATED BY DEFAULT AS IDENTITY (
    SEQUENCE NAME public.account_roles_id_seq
    START WITH 1
    INCREMENT BY 1
    NO MINVALUE
    NO MAXVALUE
    CACHE 1
);


--
-- Name: account_session; Type: TABLE; Schema: public; Owner: admin
--

CREATE TABLE public.account_session (
    session_id uuid NOT NULL,
    created_at timestamp with time zone CONSTRAINT account_session_created_not_null NOT NULL,
    expires_at timestamp with time zone CONSTRAINT account_session_expires_not_null NOT NULL,
    user_id bigint CONSTRAINT account_session_user_id_id_not_null NOT NULL
);


ALTER TABLE public.account_session OWNER TO admin;

--
-- Name: account_user; Type: TABLE; Schema: public; Owner: admin
--

CREATE TABLE public.account_user (
    id bigint NOT NULL,
    user_name character varying(100) NOT NULL,
    user_password character varying(255) NOT NULL,
    is_active boolean NOT NULL,
    user_email character varying(254) NOT NULL,
    role_id bigint NOT NULL
);


ALTER TABLE public.account_user OWNER TO admin;

--
-- Name: account_user_id_seq; Type: SEQUENCE; Schema: public; Owner: admin
--

ALTER TABLE public.account_user ALTER COLUMN id ADD GENERATED BY DEFAULT AS IDENTITY (
    SEQUENCE NAME public.account_user_id_seq
    START WITH 1
    INCREMENT BY 1
    NO MINVALUE
    NO MAXVALUE
    CACHE 1
);


--
-- Name: django_content_type; Type: TABLE; Schema: public; Owner: admin
--

CREATE TABLE public.django_content_type (
    id integer NOT NULL,
    app_label character varying(100) NOT NULL,
    model character varying(100) NOT NULL
);


ALTER TABLE public.django_content_type OWNER TO admin;

--
-- Name: django_content_type_id_seq; Type: SEQUENCE; Schema: public; Owner: admin
--

ALTER TABLE public.django_content_type ALTER COLUMN id ADD GENERATED BY DEFAULT AS IDENTITY (
    SEQUENCE NAME public.django_content_type_id_seq
    START WITH 1
    INCREMENT BY 1
    NO MINVALUE
    NO MAXVALUE
    CACHE 1
);


--
-- Name: django_migrations; Type: TABLE; Schema: public; Owner: admin
--

CREATE TABLE public.django_migrations (
    id bigint NOT NULL,
    app character varying(255) NOT NULL,
    name character varying(255) NOT NULL,
    applied timestamp with time zone NOT NULL
);


ALTER TABLE public.django_migrations OWNER TO admin;

--
-- Name: django_migrations_id_seq; Type: SEQUENCE; Schema: public; Owner: admin
--

ALTER TABLE public.django_migrations ALTER COLUMN id ADD GENERATED BY DEFAULT AS IDENTITY (
    SEQUENCE NAME public.django_migrations_id_seq
    START WITH 1
    INCREMENT BY 1
    NO MINVALUE
    NO MAXVALUE
    CACHE 1
);


--
-- Data for Name: account_element; Type: TABLE DATA; Schema: public; Owner: admin
--

COPY public.account_element (id, element_name) FROM stdin;
1	Пользователи
2	Товары
3	Магазины
4	Заказы
5	Права доступа
\.


--
-- Data for Name: account_permission; Type: TABLE DATA; Schema: public; Owner: admin
--

COPY public.account_permission (id, create_permission, delete_permission, element_id, read_permission, role_id, update_permission) FROM stdin;
1	t	t	1	t	1	t
2	t	t	2	t	1	t
3	t	t	3	t	1	t
4	t	t	4	t	1	t
5	t	t	5	t	1	t
9	f	f	5	t	2	f
10	t	t	4	t	2	t
11	f	f	3	t	2	t
12	t	t	2	t	2	t
13	f	f	1	t	2	f
14	f	f	1	f	3	f
15	f	f	2	t	3	f
16	f	f	3	t	3	f
17	t	f	4	f	3	f
18	f	f	5	f	3	f
19	f	f	1	f	4	f
20	f	f	2	t	4	f
21	f	f	3	t	4	f
22	f	f	4	f	4	f
23	f	f	5	f	4	f
\.


--
-- Data for Name: account_role; Type: TABLE DATA; Schema: public; Owner: admin
--

COPY public.account_role (id, role_name) FROM stdin;
1	Админ
2	Менеджер
3	Пользователь
4	Гость
\.


--
-- Data for Name: account_session; Type: TABLE DATA; Schema: public; Owner: admin
--

COPY public.account_session (session_id, created_at, expires_at, user_id) FROM stdin;
\.


--
-- Data for Name: account_user; Type: TABLE DATA; Schema: public; Owner: admin
--

COPY public.account_user (id, user_name, user_password, is_active, user_email, role_id) FROM stdin;
3	Иванов Иван Иванович	bcrypt_sha256$$2b$12$Q8z8acPNzlpL9QGJ2EHKBOgMmLSg1snrOX8Ra9k7zfOOVtFrWnPf2	t	ivanovivan@gmail.com	4
10	Шипулин Кирилл Викторович	bcrypt_sha256$$2b$12$7Gw5HCQdC7nnydtyBCpt6u2AlMK5OR/u1wLFFVf2XQ1nplp1cPkOa	t	shkirkala@gmail.com	1
4	Петров Петр Пертрович	bcrypt_sha256$$2b$12$u76iO8rK2fZJMEY/cKHRy.2CRUlf499bMSlxnXexxfsxcQDJoCege	t	petrovpetr@gmail.com	3
11	Сидоров Сидр Сидорович	bcrypt_sha256$$2b$12$A1ndccKjF0ig6h6LHe9jouDgxt2.na4i6vbJJxOP10vfZLCQr2hVy	t	sidorov@mail.ru	2
\.


--
-- Data for Name: django_content_type; Type: TABLE DATA; Schema: public; Owner: admin
--

COPY public.django_content_type (id, app_label, model) FROM stdin;
1	account	element
2	account	permission
3	account	role
4	account	user
5	contenttypes	contenttype
6	sessions	session
7	account	session
8	auth	group
9	auth	permission
10	auth	user
\.


--
-- Data for Name: django_migrations; Type: TABLE DATA; Schema: public; Owner: admin
--

COPY public.django_migrations (id, app, name, applied) FROM stdin;
19	account	0001_initial	2026-01-07 16:35:17.942969+05
20	account	0002_rename_elements_element_rename_roles_role	2026-01-07 17:57:06.733404+05
21	contenttypes	0001_initial	2026-01-09 17:02:52.50319+05
22	contenttypes	0002_remove_content_type_name	2026-01-09 17:02:52.51354+05
24	account	0003_remove_permission_role_name_and_more	2026-01-10 15:07:58.312498+05
25	account	0004_alter_user_user_role_id	2026-01-12 16:02:15.596519+05
26	account	0005_alter_permission_element_id_alter_permission_role_id_and_more	2026-01-12 16:03:50.412006+05
27	account	0006_remove_user_user_role_id_user_role_id_and_more	2026-01-13 14:01:12.159675+05
28	account	0007_alter_session_user_id	2026-01-13 14:02:13.747373+05
29	account	0008_rename_created_session_created_at_and_more	2026-01-13 14:03:33.423173+05
30	account	0009_alter_session_session_id	2026-01-13 19:14:38.162675+05
43	account	0010_alter_session_session_id	2026-01-14 01:31:44.479064+05
\.


--
-- Name: account_elements_id_seq; Type: SEQUENCE SET; Schema: public; Owner: admin
--

SELECT pg_catalog.setval('public.account_elements_id_seq', 5, true);


--
-- Name: account_permission_id_seq; Type: SEQUENCE SET; Schema: public; Owner: admin
--

SELECT pg_catalog.setval('public.account_permission_id_seq', 24, true);


--
-- Name: account_roles_id_seq; Type: SEQUENCE SET; Schema: public; Owner: admin
--

SELECT pg_catalog.setval('public.account_roles_id_seq', 4, true);


--
-- Name: account_user_id_seq; Type: SEQUENCE SET; Schema: public; Owner: admin
--

SELECT pg_catalog.setval('public.account_user_id_seq', 11, true);


--
-- Name: django_content_type_id_seq; Type: SEQUENCE SET; Schema: public; Owner: admin
--

SELECT pg_catalog.setval('public.django_content_type_id_seq', 10, true);


--
-- Name: django_migrations_id_seq; Type: SEQUENCE SET; Schema: public; Owner: admin
--

SELECT pg_catalog.setval('public.django_migrations_id_seq', 43, true);


--
-- Name: account_element account_elements_pkey; Type: CONSTRAINT; Schema: public; Owner: admin
--

ALTER TABLE ONLY public.account_element
    ADD CONSTRAINT account_elements_pkey PRIMARY KEY (id);


--
-- Name: account_permission account_permission_pkey; Type: CONSTRAINT; Schema: public; Owner: admin
--

ALTER TABLE ONLY public.account_permission
    ADD CONSTRAINT account_permission_pkey PRIMARY KEY (id);


--
-- Name: account_role account_roles_pkey; Type: CONSTRAINT; Schema: public; Owner: admin
--

ALTER TABLE ONLY public.account_role
    ADD CONSTRAINT account_roles_pkey PRIMARY KEY (id);


--
-- Name: account_session account_session_pkey; Type: CONSTRAINT; Schema: public; Owner: admin
--

ALTER TABLE ONLY public.account_session
    ADD CONSTRAINT account_session_pkey PRIMARY KEY (session_id);


--
-- Name: account_user account_user_pkey; Type: CONSTRAINT; Schema: public; Owner: admin
--

ALTER TABLE ONLY public.account_user
    ADD CONSTRAINT account_user_pkey PRIMARY KEY (id);


--
-- Name: django_content_type django_content_type_app_label_model_76bd3d3b_uniq; Type: CONSTRAINT; Schema: public; Owner: admin
--

ALTER TABLE ONLY public.django_content_type
    ADD CONSTRAINT django_content_type_app_label_model_76bd3d3b_uniq UNIQUE (app_label, model);


--
-- Name: django_content_type django_content_type_pkey; Type: CONSTRAINT; Schema: public; Owner: admin
--

ALTER TABLE ONLY public.django_content_type
    ADD CONSTRAINT django_content_type_pkey PRIMARY KEY (id);


--
-- Name: django_migrations django_migrations_pkey; Type: CONSTRAINT; Schema: public; Owner: admin
--

ALTER TABLE ONLY public.django_migrations
    ADD CONSTRAINT django_migrations_pkey PRIMARY KEY (id);


--
-- Name: account_permission_element_id_id_c57d0258; Type: INDEX; Schema: public; Owner: admin
--

CREATE INDEX account_permission_element_id_id_c57d0258 ON public.account_permission USING btree (element_id);


--
-- Name: account_permission_role_id_id_6a0283e3; Type: INDEX; Schema: public; Owner: admin
--

CREATE INDEX account_permission_role_id_id_6a0283e3 ON public.account_permission USING btree (role_id);


--
-- Name: account_session_user_id_id_3bae95db; Type: INDEX; Schema: public; Owner: admin
--

CREATE INDEX account_session_user_id_id_3bae95db ON public.account_session USING btree (user_id);


--
-- Name: account_user_role_id_e55e3de9; Type: INDEX; Schema: public; Owner: admin
--

CREATE INDEX account_user_role_id_e55e3de9 ON public.account_user USING btree (role_id);


--
-- Name: account_permission account_permission_element_id_47ffd72a_fk_account_element_id; Type: FK CONSTRAINT; Schema: public; Owner: admin
--

ALTER TABLE ONLY public.account_permission
    ADD CONSTRAINT account_permission_element_id_47ffd72a_fk_account_element_id FOREIGN KEY (element_id) REFERENCES public.account_element(id) DEFERRABLE INITIALLY DEFERRED;


--
-- Name: account_permission account_permission_role_id_f1e248f5_fk_account_role_id; Type: FK CONSTRAINT; Schema: public; Owner: admin
--

ALTER TABLE ONLY public.account_permission
    ADD CONSTRAINT account_permission_role_id_f1e248f5_fk_account_role_id FOREIGN KEY (role_id) REFERENCES public.account_role(id) DEFERRABLE INITIALLY DEFERRED;


--
-- Name: account_session account_session_user_id_1493234d_fk_account_user_id; Type: FK CONSTRAINT; Schema: public; Owner: admin
--

ALTER TABLE ONLY public.account_session
    ADD CONSTRAINT account_session_user_id_1493234d_fk_account_user_id FOREIGN KEY (user_id) REFERENCES public.account_user(id) DEFERRABLE INITIALLY DEFERRED;


--
-- Name: account_user account_user_role_id_e55e3de9_fk_account_role_id; Type: FK CONSTRAINT; Schema: public; Owner: admin
--

ALTER TABLE ONLY public.account_user
    ADD CONSTRAINT account_user_role_id_e55e3de9_fk_account_role_id FOREIGN KEY (role_id) REFERENCES public.account_role(id) DEFERRABLE INITIALLY DEFERRED;


--
-- Name: SCHEMA public; Type: ACL; Schema: -; Owner: pg_database_owner
--

GRANT ALL ON SCHEMA public TO admin;


--
-- PostgreSQL database dump complete
--

\unrestrict Ug3K3Mhw6DqRVwsa0dk7nUayQJtJCSwlJ7r5v18LVWrWvbdHn3E7dyhRhA8GCdH

